"eventId","PID","AssociateOptionID","Comment","UpdateDate","Primary.Type","Description","Location.Description","Arrest","Domestic","Beat","District","Ward","Community.Area","FBI.Code","Latitude","Longitude","Location"
"E1",2,6837,NA,"4/7/00","DECEPTIVE PRACTICE","FINANCIAL IDENTITY THEFT OVER $ 300","","false","false",734,7,6,67,"11",41.763181359,-87.657709477,"(41.763181359, -87.657709477)"
"E2",87,6847,NA,"1/19/18","CRIMINAL DAMAGE","TO VEHICLE","STREET","false","false",2211,22,19,74,"14",41.689078832,-87.696064026,"(41.689078832, -87.696064026)"
"E3",225,6837,NA,"7/10/94","CRIMINAL DAMAGE","TO PROPERTY","APARTMENT","false","false",613,6,21,71,"14",41.740520866,-87.647390719,"(41.740520866, -87.647390719)"
"E4",225,6837,NA,"5/21/94","BATTERY","AGG: HANDS/FIST/FEET NO/MINOR INJURY","OTHER","true","false",1233,12,25,31,"08B",41.857068095,-87.657625201,"(41.857068095, -87.657625201)"
"E5",246,6837,NA,"12/6/00","BATTERY","DOMESTIC BATTERY SIMPLE","APARTMENT","false","false",621,6,17,71,"08B",41.75191443,-87.647716532,"(41.75191443, -87.647716532)"
"E6",246,6837,NA,"12/6/00","BATTERY","AGGRAVATED: HANDGUN","STREET","false","false",1522,15,29,25,"04B",41.87568438,-87.760479356,"(41.87568438, -87.760479356)"
"E7",337,6837,NA,"2/8/01","BATTERY","DOMESTIC BATTERY SIMPLE","APARTMENT","false","true",612,6,21,71,"08B",41.750154295,-87.661008708,"(41.750154295, -87.661008708)"
"E8",389,6847,NA,"3/7/95","BATTERY","SIMPLE","VEHICLE - OTHER RIDE SHARE SERVICE (E.G., UBER, LYFT)","false","false",1931,19,32,5,"08B",41.939624824,-87.67399611,"(41.939624824, -87.67399611)"
"E9",572,6837,NA,"12/10/95","CRIMINAL DAMAGE","TO PROPERTY","APARTMENT","false","false",1422,14,26,23,"14",41.905562114,-87.707588672,"(41.905562114, -87.707588672)"
"E10",574,6837,NA,"4/26/12","THEFT","FROM BUILDING","BAR OR TAVERN","false","false",1924,19,44,6,"06",41.940518859,-87.6541242,"(41.940518859, -87.6541242)"
"E11",574,6837,NA,"4/26/12","CRIMINAL TRESPASS","TO LAND","MOVIE HOUSE/THEATER","true","false",1913,19,46,3,"26",41.968462892,-87.659670442,"(41.968462892, -87.659670442)"
"E12",622,6847,NA,"10/3/17","WEAPONS VIOLATION","UNLAWFUL POSS OF HANDGUN","GAS STATION","true","false",731,7,6,69,"15",41.764632089,-87.628311641,"(41.764632089, -87.628311641)"
"E13",640,6837,NA,"3/8/05","NARCOTICS","POSS: COCAINE","ALLEY","true","false",2514,25,30,19,"18",41.935639786,-87.773688687,"(41.935639786, -87.773688687)"
"E14",704,6837,NA,"11/8/90","BATTERY","SIMPLE","PARK PROPERTY","false","false",2432,24,49,1,"08B",42.005578346,-87.658307685,"(42.005578346, -87.658307685)"
"E15",704,6837,NA,"11/8/90","WEAPONS VIOLATION","RECKLESS FIREARM DISCHARGE","STREET","true","false",632,6,8,44,"15",41.733551299,-87.604749489,"(41.733551299, -87.604749489)"
"E16",716,6837,NA,"2/21/06","CRIMINAL DAMAGE","TO PROPERTY","RESIDENCE","false","false",2232,22,34,73,"14",41.708137453,-87.654708065,"(41.708137453, -87.654708065)"
"E17",716,6837,NA,"2/21/06","DECEPTIVE PRACTICE","CREDIT CARD FRAUD","BAR OR TAVERN","false","false",1924,19,44,6,"11",41.940518859,-87.6541242,"(41.940518859, -87.6541242)"
"E18",728,6837,NA,"12/14/96","ROBBERY","ARMED: OTHER DANGEROUS WEAPON","CTA PLATFORM","false","false",121,1,25,28,"03",41.875717757,-87.64099364,"(41.875717757, -87.64099364)"
"E19",772,6837,NA,"1/31/95","NARCOTICS","MANU/DEL:CANNABIS OVER 10 GMS","STREET","true","false",613,6,21,71,"18",41.738925174,-87.648561871,"(41.738925174, -87.648561871)"
"E20",772,6837,NA,"1/31/95","CRIMINAL DAMAGE","TO VEHICLE","VEHICLE NON-COMMERCIAL","false","false",1723,17,35,16,"14",41.955601121,-87.718408105,"(41.955601121, -87.718408105)"
"E21",774,6837,NA,"7/4/00","BATTERY","DOMESTIC BATTERY SIMPLE","APARTMENT","false","true",1022,10,24,29,"08B",41.858384589,-87.707876278,"(41.858384589, -87.707876278)"
"E22",774,6837,NA,"9/27/96","THEFT","POCKET-PICKING","BAR OR TAVERN","false","false",1831,18,42,8,"06",41.890013524,-87.631664996,"(41.890013524, -87.631664996)"
"E23",793,6837,NA,"12/2/99","CRIMINAL DAMAGE","TO VEHICLE","PARKING LOT/GARAGE(NON.RESID.)","false","false",825,8,16,66,"14",41.784108602,-87.693528912,"(41.784108602, -87.693528912)"
"E24",980,6837,NA,"3/11/04","ASSAULT","AGGRAVATED: HANDGUN","SIDEWALK","false","false",834,8,18,70,"04A",41.74937879,-87.725239484,"(41.74937879, -87.725239484)"
"E25",1130,6847,NA,"9/4/04","WEAPONS VIOLATION","RECKLESS FIREARM DISCHARGE","RESIDENTIAL YARD (FRONT/BACK)","true","false",2232,22,34,73,"15",41.710026548,-87.646561348,"(41.710026548, -87.646561348)"
"E26",1142,6847,NA,"3/16/18","NARCOTICS","POSS: HEROIN(WHITE)","SIDEWALK","true","false",1624,16,45,15,"18",41.955789401,-87.750288365,"(41.955789401, -87.750288365)"
"E27",1142,6847,NA,"3/16/18","LIQUOR LAW VIOLATION","LIQUOR LICENSE VIOLATION","BAR OR TAVERN","true","false",1831,18,42,8,"22",41.891051707,-87.63405559,"(41.891051707, -87.63405559)"
"E28",1142,6847,NA,"3/16/18","WEAPONS VIOLATION","UNLAWFUL POSS OF HANDGUN","RESIDENTIAL YARD (FRONT/BACK)","true","false",1522,15,29,25,"15",41.87749962,-87.760187749,"(41.87749962, -87.760187749)"
"E29",1346,6837,NA,"3/30/08","WEAPONS VIOLATION","UNLAWFUL POSS OF HANDGUN","RESIDENCE","true","false",1024,10,12,30,"15",41.850909651,-87.706444228,"(41.850909651, -87.706444228)"
"E30",1568,6837,NA,"5/29/03","NARCOTICS","FOUND SUSPECT NARCOTICS","ALLEY","true","false",1121,11,27,23,"18",41.892395756,-87.70768047,"(41.892395756, -87.70768047)"
"E31",1815,6837,NA,"7/3/03","BATTERY","SIMPLE","BAR OR TAVERN","false","false",1214,12,27,28,"08B",41.88705768,-87.647514742,"(41.88705768, -87.647514742)"
"E32",1856,6837,NA,"3/6/01","BATTERY","DOMESTIC BATTERY SIMPLE","RESIDENCE","true","false",715,7,15,67,"08B",41.791531335,-87.675449976,"(41.791531335, -87.675449976)"
"E33",2025,6837,NA,"8/22/06","THEFT","OVER $500","STREET","false","false",1624,16,45,15,"06",41.953347206,-87.753027408,"(41.953347206, -87.753027408)"
"E34",2030,6837,NA,"10/14/91","MOTOR VEHICLE THEFT","AUTOMOBILE","STREET","false","false",333,3,5,43,"07",41.76035956,-87.574933738,"(41.76035956, -87.574933738)"
"E35",2256,6837,NA,"10/3/01","CRIMINAL DAMAGE","TO PROPERTY","APARTMENT","false","false",612,6,17,71,"14",41.756852897,-87.65026616,"(41.756852897, -87.65026616)"
"E36",2258,6837,NA,"9/26/95","THEFT","OVER $500","RESIDENTIAL YARD (FRONT/BACK)","false","false",715,7,15,67,"06",41.787945216,-87.674129916,"(41.787945216, -87.674129916)"
"E37",2261,6847,NA,"1/25/10","CRIMINAL DAMAGE","TO VEHICLE","STREET","false","false",822,8,23,63,"14",41.78894435,-87.709552791,"(41.78894435, -87.709552791)"
"E38",2387,6837,NA,"3/29/07","THEFT","$500 AND UNDER","VEHICLE NON-COMMERCIAL","false","false",1431,14,1,22,"06",41.926647792,-87.695439685,"(41.926647792, -87.695439685)"
"E39",2524,6837,NA,"7/21/95","BATTERY","SIMPLE","RESIDENCE","false","false",434,4,7,51,"08B",41.700167359,-87.563191209,"(41.700167359, -87.563191209)"
"E40",2588,6837,NA,"7/28/16","DECEPTIVE PRACTICE","CREDIT CARD FRAUD","AIRPORT BUILDING NON-TERMINAL - NON-SECURE AREA","false","false",1651,16,41,76,"11",41.976290414,-87.905227221,"(41.976290414, -87.905227221)"
"E41",2588,6837,NA,"7/28/16","BATTERY","DOMESTIC BATTERY SIMPLE","RESIDENCE","false","true",923,9,14,63,"08B",41.796581899,-87.695099168,"(41.796581899, -87.695099168)"
"E42",2670,6837,NA,"1/4/00","BATTERY","AGGRAVATED DOMESTIC BATTERY: KNIFE/CUTTING INST","APARTMENT","false","false",333,3,5,43,"04B",41.763456466,-87.579306774,"(41.763456466, -87.579306774)"
"E43",3131701,6837,NA,"3/22/02","WEAPONS VIOLATION","RECKLESS FIREARM DISCHARGE","RESIDENTIAL YARD (FRONT/BACK)","true","false",1021,10,24,29,"15",41.855823906,-87.71389916,"(41.855823906, -87.71389916)"
"E44",2773,6837,NA,"11/28/98","ASSAULT","AGG PRO.EMP:KNIFE/CUTTING INST","GAS STATION","false","false",712,7,16,68,"04A",41.78701723,-87.645505595,"(41.78701723, -87.645505595)"
"E45",2800,6837,NA,"5/16/00","BATTERY","DOMESTIC BATTERY SIMPLE","RESIDENCE","true","true",823,8,16,66,"08B",41.780876438,-87.697594111,"(41.780876438, -87.697594111)"
"E46",2763448,6837,NA,"1/3/97","BATTERY","DOMESTIC BATTERY SIMPLE","RESIDENCE","true","true",1032,10,22,30,"08B",41.837896144,-87.717055526,"(41.837896144, -87.717055526)"
"E47",3111,6837,NA,"3/4/04","THEFT","FROM BUILDING","RESTAURANT","false","false",1224,12,27,28,"06",41.881553034,-87.661024778,"(41.881553034, -87.661024778)"
"E48",3111,6837,NA,"3/4/04","MOTOR VEHICLE THEFT","AUTOMOBILE","STREET","false","false",1122,11,27,23,"07",41.888744285,-87.718557585,"(41.888744285, -87.718557585)"
"E49",3137,6847,NA,"8/12/15","WEAPONS VIOLATION","UNLAWFUL POSS OF HANDGUN","STREET","true","false",2232,22,34,73,"15",41.707906807,-87.640431292,"(41.707906807, -87.640431292)"
"E50",3163,6847,NA,"4/2/07","CRIMINAL DAMAGE","TO PROPERTY","RESIDENCE","false","true",835,8,18,70,"14",41.743796129,-87.683980665,"(41.743796129, -87.683980665)"
"E1",3251,6837,NA,"5/6/02","DECEPTIVE PRACTICE","FINANCIAL IDENTITY THEFT OVER $ 300","","false","false",734,7,6,67,"11",41.763181359,-87.657709477,"(41.763181359, -87.657709477)"
"E2",3281,6847,NA,"4/3/15","CRIMINAL DAMAGE","TO VEHICLE","STREET","false","false",2211,22,19,74,"14",41.689078832,-87.696064026,"(41.689078832, -87.696064026)"
"E3",3364,6837,NA,"1/5/91","CRIMINAL DAMAGE","TO PROPERTY","APARTMENT","false","false",613,6,21,71,"14",41.740520866,-87.647390719,"(41.740520866, -87.647390719)"
"E4",3379,6837,NA,"3/2/13","BATTERY","AGG: HANDS/FIST/FEET NO/MINOR INJURY","OTHER","true","false",1233,12,25,31,"08B",41.857068095,-87.657625201,"(41.857068095, -87.657625201)"
"E5",3474,6837,NA,"4/27/17","BATTERY","DOMESTIC BATTERY SIMPLE","APARTMENT","false","false",621,6,17,71,"08B",41.75191443,-87.647716532,"(41.75191443, -87.647716532)"
"E6",3482,6847,NA,"1/31/18","BATTERY","AGGRAVATED: HANDGUN","STREET","false","false",1522,15,29,25,"04B",41.87568438,-87.760479356,"(41.87568438, -87.760479356)"
"E7",3482,6847,NA,"1/31/18","BATTERY","DOMESTIC BATTERY SIMPLE","APARTMENT","false","true",612,6,21,71,"08B",41.750154295,-87.661008708,"(41.750154295, -87.661008708)"
"E8",3517,6837,NA,"4/23/13","BATTERY","SIMPLE","VEHICLE - OTHER RIDE SHARE SERVICE (E.G., UBER, LYFT)","false","false",1931,19,32,5,"08B",41.939624824,-87.67399611,"(41.939624824, -87.67399611)"
"E9",3596,6847,NA,"7/15/18","CRIMINAL DAMAGE","TO PROPERTY","APARTMENT","false","false",1422,14,26,23,"14",41.905562114,-87.707588672,"(41.905562114, -87.707588672)"
"E10",3596,6847,NA,"7/15/18","THEFT","FROM BUILDING","BAR OR TAVERN","false","false",1924,19,44,6,"06",41.940518859,-87.6541242,"(41.940518859, -87.6541242)"
"E11",3629,6837,NA,"3/17/06","CRIMINAL TRESPASS","TO LAND","MOVIE HOUSE/THEATER","true","false",1913,19,46,3,"26",41.968462892,-87.659670442,"(41.968462892, -87.659670442)"
"E12",3648,6837,NA,"3/22/09","WEAPONS VIOLATION","UNLAWFUL POSS OF HANDGUN","GAS STATION","true","false",731,7,6,69,"15",41.764632089,-87.628311641,"(41.764632089, -87.628311641)"
"E13",3692,6847,NA,"4/19/18","NARCOTICS","POSS: COCAINE","ALLEY","true","false",2514,25,30,19,"18",41.935639786,-87.773688687,"(41.935639786, -87.773688687)"
"E14",3692,6847,NA,"4/19/18","BATTERY","SIMPLE","PARK PROPERTY","false","false",2432,24,49,1,"08B",42.005578346,-87.658307685,"(42.005578346, -87.658307685)"
"E15",3869,6847,NA,"4/29/11","WEAPONS VIOLATION","RECKLESS FIREARM DISCHARGE","STREET","true","false",632,6,8,44,"15",41.733551299,-87.604749489,"(41.733551299, -87.604749489)"
"E16",3926,6847,NA,"10/6/15","CRIMINAL DAMAGE","TO PROPERTY","RESIDENCE","false","false",2232,22,34,73,"14",41.708137453,-87.654708065,"(41.708137453, -87.654708065)"
"E17",3974,6837,NA,"12/17/96","DECEPTIVE PRACTICE","CREDIT CARD FRAUD","BAR OR TAVERN","false","false",1924,19,44,6,"11",41.940518859,-87.6541242,"(41.940518859, -87.6541242)"
"E18",3974,6837,NA,"12/17/96","ROBBERY","ARMED: OTHER DANGEROUS WEAPON","CTA PLATFORM","false","false",121,1,25,28,"03",41.875717757,-87.64099364,"(41.875717757, -87.64099364)"
"E19",4069,6847,NA,"10/11/00","NARCOTICS","MANU/DEL:CANNABIS OVER 10 GMS","STREET","true","false",613,6,21,71,"18",41.738925174,-87.648561871,"(41.738925174, -87.648561871)"
"E20",4168,6837,NA,"2/2/04","CRIMINAL DAMAGE","TO VEHICLE","VEHICLE NON-COMMERCIAL","false","false",1723,17,35,16,"14",41.955601121,-87.718408105,"(41.955601121, -87.718408105)"
"E21",4181,6837,NA,"11/30/16","BATTERY","DOMESTIC BATTERY SIMPLE","APARTMENT","false","true",1022,10,24,29,"08B",41.858384589,-87.707876278,"(41.858384589, -87.707876278)"
"E22",4266,6847,NA,"7/12/15","THEFT","POCKET-PICKING","BAR OR TAVERN","false","false",1831,18,42,8,"06",41.890013524,-87.631664996,"(41.890013524, -87.631664996)"
"E23",4416,6837,NA,"8/27/12","CRIMINAL DAMAGE","TO VEHICLE","PARKING LOT/GARAGE(NON.RESID.)","false","false",825,8,16,66,"14",41.784108602,-87.693528912,"(41.784108602, -87.693528912)"
"E24",4496,6837,NA,"11/11/88","ASSAULT","AGGRAVATED: HANDGUN","SIDEWALK","false","false",834,8,18,70,"04A",41.74937879,-87.725239484,"(41.74937879, -87.725239484)"
"E25",4496,6837,NA,"11/11/88","WEAPONS VIOLATION","RECKLESS FIREARM DISCHARGE","RESIDENTIAL YARD (FRONT/BACK)","true","false",2232,22,34,73,"15",41.710026548,-87.646561348,"(41.710026548, -87.646561348)"
"E26",4573,6847,NA,"2/5/17","NARCOTICS","POSS: HEROIN(WHITE)","SIDEWALK","true","false",1624,16,45,15,"18",41.955789401,-87.750288365,"(41.955789401, -87.750288365)"
"E27",4573,6837,NA,"1/16/17","LIQUOR LAW VIOLATION","LIQUOR LICENSE VIOLATION","BAR OR TAVERN","true","false",1831,18,42,8,"22",41.891051707,-87.63405559,"(41.891051707, -87.63405559)"
"E28",4573,6847,NA,"10/17/11","WEAPONS VIOLATION","UNLAWFUL POSS OF HANDGUN","RESIDENTIAL YARD (FRONT/BACK)","true","false",1522,15,29,25,"15",41.87749962,-87.760187749,"(41.87749962, -87.760187749)"
"E29",4687,6837,NA,"11/4/91","WEAPONS VIOLATION","UNLAWFUL POSS OF HANDGUN","RESIDENCE","true","false",1024,10,12,30,"15",41.850909651,-87.706444228,"(41.850909651, -87.706444228)"
"E30",4872,6837,NA,"8/5/06","NARCOTICS","FOUND SUSPECT NARCOTICS","ALLEY","true","false",1121,11,27,23,"18",41.892395756,-87.70768047,"(41.892395756, -87.70768047)"
"E31",4872,6837,NA,"8/5/06","BATTERY","SIMPLE","BAR OR TAVERN","false","false",1214,12,27,28,"08B",41.88705768,-87.647514742,"(41.88705768, -87.647514742)"
"E32",4898,6847,NA,"7/7/12","BATTERY","DOMESTIC BATTERY SIMPLE","RESIDENCE","true","false",715,7,15,67,"08B",41.791531335,-87.675449976,"(41.791531335, -87.675449976)"
"E33",5233,6842,NA,"5/15/18","THEFT","OVER $500","STREET","false","false",1624,16,45,15,"06",41.953347206,-87.753027408,"(41.953347206, -87.753027408)"
"E34",5518,6837,NA,"12/1/14","MOTOR VEHICLE THEFT","AUTOMOBILE","STREET","false","false",333,3,5,43,"07",41.76035956,-87.574933738,"(41.76035956, -87.574933738)"
"E35",5604,6847,NA,"3/5/14","CRIMINAL DAMAGE","TO PROPERTY","APARTMENT","false","false",612,6,17,71,"14",41.756852897,-87.65026616,"(41.756852897, -87.65026616)"
"E36",5619,6847,NA,"9/5/16","THEFT","OVER $500","RESIDENTIAL YARD (FRONT/BACK)","false","false",715,7,15,67,"06",41.787945216,-87.674129916,"(41.787945216, -87.674129916)"
"E37",5639,6847,NA,"7/16/13","CRIMINAL DAMAGE","TO VEHICLE","STREET","false","false",822,8,23,63,"14",41.78894435,-87.709552791,"(41.78894435, -87.709552791)"
"E38",6013,6847,NA,"5/24/14","THEFT","$500 AND UNDER","VEHICLE NON-COMMERCIAL","false","false",1431,14,1,22,"06",41.926647792,-87.695439685,"(41.926647792, -87.695439685)"
"E39",6024,6837,NA,"4/4/00","BATTERY","SIMPLE","RESIDENCE","false","false",434,4,7,51,"08B",41.700167359,-87.563191209,"(41.700167359, -87.563191209)"
"E40",6049,6837,NA,"11/6/13","DECEPTIVE PRACTICE","CREDIT CARD FRAUD","AIRPORT BUILDING NON-TERMINAL - NON-SECURE AREA","false","false",1651,16,41,76,"11",41.976290414,-87.905227221,"(41.976290414, -87.905227221)"
"E41",6079,6837,NA,"3/22/00","BATTERY","DOMESTIC BATTERY SIMPLE","RESIDENCE","false","true",923,9,14,63,"08B",41.796581899,-87.695099168,"(41.796581899, -87.695099168)"
"E42",6079,6847,NA,"3/22/00","BATTERY","AGGRAVATED DOMESTIC BATTERY: KNIFE/CUTTING INST","APARTMENT","false","false",333,3,5,43,"04B",41.763456466,-87.579306774,"(41.763456466, -87.579306774)"
"E43",6079,6847,NA,"3/22/00","WEAPONS VIOLATION","RECKLESS FIREARM DISCHARGE","RESIDENTIAL YARD (FRONT/BACK)","true","false",1021,10,24,29,"15",41.855823906,-87.71389916,"(41.855823906, -87.71389916)"
"E44",6079,6847,NA,"3/22/00","ASSAULT","AGG PRO.EMP:KNIFE/CUTTING INST","GAS STATION","false","false",712,7,16,68,"04A",41.78701723,-87.645505595,"(41.78701723, -87.645505595)"
"E45",6241,6837,NA,"9/18/91","BATTERY","DOMESTIC BATTERY SIMPLE","RESIDENCE","true","true",823,8,16,66,"08B",41.780876438,-87.697594111,"(41.780876438, -87.697594111)"
"E46",6271,6837,NA,"6/25/92","BATTERY","DOMESTIC BATTERY SIMPLE","RESIDENCE","true","true",1032,10,22,30,"08B",41.837896144,-87.717055526,"(41.837896144, -87.717055526)"
"E47",6271,6837,NA,"6/25/92","THEFT","FROM BUILDING","RESTAURANT","false","false",1224,12,27,28,"06",41.881553034,-87.661024778,"(41.881553034, -87.661024778)"
"E48",6315,6847,NA,"3/29/16","MOTOR VEHICLE THEFT","AUTOMOBILE","STREET","false","false",1122,11,27,23,"07",41.888744285,-87.718557585,"(41.888744285, -87.718557585)"
"E49",6315,6847,NA,"8/13/15","WEAPONS VIOLATION","UNLAWFUL POSS OF HANDGUN","STREET","true","false",2232,22,34,73,"15",41.707906807,-87.640431292,"(41.707906807, -87.640431292)"
"E50",6388,6837,NA,"9/9/01","CRIMINAL DAMAGE","TO PROPERTY","RESIDENCE","false","true",835,8,18,70,"14",41.743796129,-87.683980665,"(41.743796129, -87.683980665)"
"E1",3679357,6837,NA,"4/7/00","DECEPTIVE PRACTICE","FINANCIAL IDENTITY THEFT OVER $ 300","","false","false",734,7,6,67,"11",41.763181359,-87.657709477,"(41.763181359, -87.657709477)"
"E2",4271536,6847,NA,"1/19/18","CRIMINAL DAMAGE","TO VEHICLE","STREET","false","false",2211,22,19,74,"14",41.689078832,-87.696064026,"(41.689078832, -87.696064026)"
"E3",531725,6837,NA,"7/10/94","CRIMINAL DAMAGE","TO PROPERTY","APARTMENT","false","false",613,6,21,71,"14",41.740520866,-87.647390719,"(41.740520866, -87.647390719)"
"E4",878636,6837,NA,"5/21/94","BATTERY","AGG: HANDS/FIST/FEET NO/MINOR INJURY","OTHER","true","false",1233,12,25,31,"08B",41.857068095,-87.657625201,"(41.857068095, -87.657625201)"
"E5",2176258,6837,NA,"12/6/00","BATTERY","DOMESTIC BATTERY SIMPLE","APARTMENT","false","false",621,6,17,71,"08B",41.75191443,-87.647716532,"(41.75191443, -87.647716532)"
"E6",3490913,6837,NA,"12/6/00","BATTERY","AGGRAVATED: HANDGUN","STREET","false","false",1522,15,29,25,"04B",41.87568438,-87.760479356,"(41.87568438, -87.760479356)"
"E7",503748,6837,NA,"2/8/01","BATTERY","DOMESTIC BATTERY SIMPLE","APARTMENT","false","true",612,6,21,71,"08B",41.750154295,-87.661008708,"(41.750154295, -87.661008708)"
"E8",97933,6847,NA,"3/7/95","BATTERY","SIMPLE","VEHICLE - OTHER RIDE SHARE SERVICE (E.G., UBER, LYFT)","false","false",1931,19,32,5,"08B",41.939624824,-87.67399611,"(41.939624824, -87.67399611)"
"E9",718403,6837,NA,"12/10/95","CRIMINAL DAMAGE","TO PROPERTY","APARTMENT","false","false",1422,14,26,23,"14",41.905562114,-87.707588672,"(41.905562114, -87.707588672)"
"E10",535451,6837,NA,"4/26/12","THEFT","FROM BUILDING","BAR OR TAVERN","false","false",1924,19,44,6,"06",41.940518859,-87.6541242,"(41.940518859, -87.6541242)"
"E11",603167,6837,NA,"4/26/12","CRIMINAL TRESPASS","TO LAND","MOVIE HOUSE/THEATER","true","false",1913,19,46,3,"26",41.968462892,-87.659670442,"(41.968462892, -87.659670442)"
"E12",228196,6847,NA,"10/3/17","WEAPONS VIOLATION","UNLAWFUL POSS OF HANDGUN","GAS STATION","true","false",731,7,6,69,"15",41.764632089,-87.628311641,"(41.764632089, -87.628311641)"
"E13",3550843,6837,NA,"3/8/05","NARCOTICS","POSS: COCAINE","ALLEY","true","false",2514,25,30,19,"18",41.935639786,-87.773688687,"(41.935639786, -87.773688687)"
"E14",118860,6837,NA,"11/8/90","BATTERY","SIMPLE","PARK PROPERTY","false","false",2432,24,49,1,"08B",42.005578346,-87.658307685,"(42.005578346, -87.658307685)"
"E15",612426,6837,NA,"11/8/90","WEAPONS VIOLATION","RECKLESS FIREARM DISCHARGE","STREET","true","false",632,6,8,44,"15",41.733551299,-87.604749489,"(41.733551299, -87.604749489)"
"E16",1104915,6837,NA,"2/21/06","CRIMINAL DAMAGE","TO PROPERTY","RESIDENCE","false","false",2232,22,34,73,"14",41.708137453,-87.654708065,"(41.708137453, -87.654708065)"
"E17",4176434,6837,NA,"2/21/06","DECEPTIVE PRACTICE","CREDIT CARD FRAUD","BAR OR TAVERN","false","false",1924,19,44,6,"11",41.940518859,-87.6541242,"(41.940518859, -87.6541242)"
"E18",3200871,6837,NA,"12/14/96","ROBBERY","ARMED: OTHER DANGEROUS WEAPON","CTA PLATFORM","false","false",121,1,25,28,"03",41.875717757,-87.64099364,"(41.875717757, -87.64099364)"
"E19",1803859,6837,NA,"1/31/95","NARCOTICS","MANU/DEL:CANNABIS OVER 10 GMS","STREET","true","false",613,6,21,71,"18",41.738925174,-87.648561871,"(41.738925174, -87.648561871)"
"E20",78173,6837,NA,"1/31/95","CRIMINAL DAMAGE","TO VEHICLE","VEHICLE NON-COMMERCIAL","false","false",1723,17,35,16,"14",41.955601121,-87.718408105,"(41.955601121, -87.718408105)"
"E21",2569682,6837,NA,"7/4/00","BATTERY","DOMESTIC BATTERY SIMPLE","APARTMENT","false","true",1022,10,24,29,"08B",41.858384589,-87.707876278,"(41.858384589, -87.707876278)"
"E22",2569682,6837,NA,"9/27/96","THEFT","POCKET-PICKING","BAR OR TAVERN","false","false",1831,18,42,8,"06",41.890013524,-87.631664996,"(41.890013524, -87.631664996)"
"E23",312621,6837,NA,"12/2/99","CRIMINAL DAMAGE","TO VEHICLE","PARKING LOT/GARAGE(NON.RESID.)","false","false",825,8,16,66,"14",41.784108602,-87.693528912,"(41.784108602, -87.693528912)"
"E24",3102732,6837,NA,"3/11/04","ASSAULT","AGGRAVATED: HANDGUN","SIDEWALK","false","false",834,8,18,70,"04A",41.74937879,-87.725239484,"(41.74937879, -87.725239484)"
"E25",594747,6847,NA,"9/4/04","WEAPONS VIOLATION","RECKLESS FIREARM DISCHARGE","RESIDENTIAL YARD (FRONT/BACK)","true","false",2232,22,34,73,"15",41.710026548,-87.646561348,"(41.710026548, -87.646561348)"
"E26",1790105,6847,NA,"3/16/18","NARCOTICS","POSS: HEROIN(WHITE)","SIDEWALK","true","false",1624,16,45,15,"18",41.955789401,-87.750288365,"(41.955789401, -87.750288365)"
"E27",3131701,6847,NA,"3/16/18","LIQUOR LAW VIOLATION","LIQUOR LICENSE VIOLATION","BAR OR TAVERN","true","false",1831,18,42,8,"22",41.891051707,-87.63405559,"(41.891051707, -87.63405559)"
"E28",879838,6847,NA,"3/16/18","WEAPONS VIOLATION","UNLAWFUL POSS OF HANDGUN","RESIDENTIAL YARD (FRONT/BACK)","true","false",1522,15,29,25,"15",41.87749962,-87.760187749,"(41.87749962, -87.760187749)"
"E29",3059752,6837,NA,"3/30/08","WEAPONS VIOLATION","UNLAWFUL POSS OF HANDGUN","RESIDENCE","true","false",1024,10,12,30,"15",41.850909651,-87.706444228,"(41.850909651, -87.706444228)"
"E30",42450,6837,NA,"5/29/03","NARCOTICS","FOUND SUSPECT NARCOTICS","ALLEY","true","false",1121,11,27,23,"18",41.892395756,-87.70768047,"(41.892395756, -87.70768047)"
"E31",902658,6837,NA,"7/3/03","BATTERY","SIMPLE","BAR OR TAVERN","false","false",1214,12,27,28,"08B",41.88705768,-87.647514742,"(41.88705768, -87.647514742)"
"E32",3586471,6837,NA,"3/6/01","BATTERY","DOMESTIC BATTERY SIMPLE","RESIDENCE","true","false",715,7,15,67,"08B",41.791531335,-87.675449976,"(41.791531335, -87.675449976)"
"E33",647396,6837,NA,"8/22/06","THEFT","OVER $500","STREET","false","false",1624,16,45,15,"06",41.953347206,-87.753027408,"(41.953347206, -87.753027408)"
"E34",17620,6837,NA,"10/14/91","MOTOR VEHICLE THEFT","AUTOMOBILE","STREET","false","false",333,3,5,43,"07",41.76035956,-87.574933738,"(41.76035956, -87.574933738)"
"E35",36516,6837,NA,"10/3/01","CRIMINAL DAMAGE","TO PROPERTY","APARTMENT","false","false",612,6,17,71,"14",41.756852897,-87.65026616,"(41.756852897, -87.65026616)"
"E36",176364,6837,NA,"9/26/95","THEFT","OVER $500","RESIDENTIAL YARD (FRONT/BACK)","false","false",715,7,15,67,"06",41.787945216,-87.674129916,"(41.787945216, -87.674129916)"
"E37",3300130,6847,NA,"1/25/10","CRIMINAL DAMAGE","TO VEHICLE","STREET","false","false",822,8,23,63,"14",41.78894435,-87.709552791,"(41.78894435, -87.709552791)"
"E38",1930002,6837,NA,"3/29/07","THEFT","$500 AND UNDER","VEHICLE NON-COMMERCIAL","false","false",1431,14,1,22,"06",41.926647792,-87.695439685,"(41.926647792, -87.695439685)"
"E39",2397423,6837,NA,"7/21/95","BATTERY","SIMPLE","RESIDENCE","false","false",434,4,7,51,"08B",41.700167359,-87.563191209,"(41.700167359, -87.563191209)"
"E40",2716082,6837,NA,"7/28/16","DECEPTIVE PRACTICE","CREDIT CARD FRAUD","AIRPORT BUILDING NON-TERMINAL - NON-SECURE AREA","false","false",1651,16,41,76,"11",41.976290414,-87.905227221,"(41.976290414, -87.905227221)"
"E41",75611,6837,NA,"7/28/16","BATTERY","DOMESTIC BATTERY SIMPLE","RESIDENCE","false","true",923,9,14,63,"08B",41.796581899,-87.695099168,"(41.796581899, -87.695099168)"
"E42",3277430,6837,NA,"1/4/00","BATTERY","AGGRAVATED DOMESTIC BATTERY: KNIFE/CUTTING INST","APARTMENT","false","false",333,3,5,43,"04B",41.763456466,-87.579306774,"(41.763456466, -87.579306774)"
"E43",2763448,6837,NA,"3/22/02","WEAPONS VIOLATION","RECKLESS FIREARM DISCHARGE","RESIDENTIAL YARD (FRONT/BACK)","true","false",1021,10,24,29,"15",41.855823906,-87.71389916,"(41.855823906, -87.71389916)"
"E44",562628,6837,NA,"11/28/98","ASSAULT","AGG PRO.EMP:KNIFE/CUTTING INST","GAS STATION","false","false",712,7,16,68,"04A",41.78701723,-87.645505595,"(41.78701723, -87.645505595)"
"E45",81317,6837,NA,"5/16/00","BATTERY","DOMESTIC BATTERY SIMPLE","RESIDENCE","true","true",823,8,16,66,"08B",41.780876438,-87.697594111,"(41.780876438, -87.697594111)"
"E46",1614895,6837,NA,"1/3/97","BATTERY","DOMESTIC BATTERY SIMPLE","RESIDENCE","true","true",1032,10,22,30,"08B",41.837896144,-87.717055526,"(41.837896144, -87.717055526)"
"E47",13869,6837,NA,"3/4/04","THEFT","FROM BUILDING","RESTAURANT","false","false",1224,12,27,28,"06",41.881553034,-87.661024778,"(41.881553034, -87.661024778)"
"E48",4015133,6837,NA,"3/4/04","MOTOR VEHICLE THEFT","AUTOMOBILE","STREET","false","false",1122,11,27,23,"07",41.888744285,-87.718557585,"(41.888744285, -87.718557585)"
"E49",3201257,6847,NA,"8/12/15","WEAPONS VIOLATION","UNLAWFUL POSS OF HANDGUN","STREET","true","false",2232,22,34,73,"15",41.707906807,-87.640431292,"(41.707906807, -87.640431292)"
"E50",4033650,6847,NA,"4/2/07","CRIMINAL DAMAGE","TO PROPERTY","RESIDENCE","false","true",835,8,18,70,"14",41.743796129,-87.683980665,"(41.743796129, -87.683980665)"
"E1",3114848,6837,NA,"5/6/02","DECEPTIVE PRACTICE","FINANCIAL IDENTITY THEFT OVER $ 300","","false","false",734,7,6,67,"11",41.763181359,-87.657709477,"(41.763181359, -87.657709477)"
"E2",1294386,6847,NA,"4/3/15","CRIMINAL DAMAGE","TO VEHICLE","STREET","false","false",2211,22,19,74,"14",41.689078832,-87.696064026,"(41.689078832, -87.696064026)"
"E3",134602,6837,NA,"1/5/91","CRIMINAL DAMAGE","TO PROPERTY","APARTMENT","false","false",613,6,21,71,"14",41.740520866,-87.647390719,"(41.740520866, -87.647390719)"
"E4",131027,6837,NA,"3/2/13","BATTERY","AGG: HANDS/FIST/FEET NO/MINOR INJURY","OTHER","true","false",1233,12,25,31,"08B",41.857068095,-87.657625201,"(41.857068095, -87.657625201)"
"E5",4466207,6837,NA,"4/27/17","BATTERY","DOMESTIC BATTERY SIMPLE","APARTMENT","false","false",621,6,17,71,"08B",41.75191443,-87.647716532,"(41.75191443, -87.647716532)"
"E6",2510530,6847,NA,"1/31/18","BATTERY","AGGRAVATED: HANDGUN","STREET","false","false",1522,15,29,25,"04B",41.87568438,-87.760479356,"(41.87568438, -87.760479356)"
"E7",614759,6847,NA,"1/31/18","BATTERY","DOMESTIC BATTERY SIMPLE","APARTMENT","false","true",612,6,21,71,"08B",41.750154295,-87.661008708,"(41.750154295, -87.661008708)"
"E8",1605062,6837,NA,"4/23/13","BATTERY","SIMPLE","VEHICLE - OTHER RIDE SHARE SERVICE (E.G., UBER, LYFT)","false","false",1931,19,32,5,"08B",41.939624824,-87.67399611,"(41.939624824, -87.67399611)"
"E9",3602399,6847,NA,"7/15/18","CRIMINAL DAMAGE","TO PROPERTY","APARTMENT","false","false",1422,14,26,23,"14",41.905562114,-87.707588672,"(41.905562114, -87.707588672)"
"E10",4475780,6847,NA,"7/15/18","THEFT","FROM BUILDING","BAR OR TAVERN","false","false",1924,19,44,6,"06",41.940518859,-87.6541242,"(41.940518859, -87.6541242)"
"E11",2876934,6837,NA,"3/17/06","CRIMINAL TRESPASS","TO LAND","MOVIE HOUSE/THEATER","true","false",1913,19,46,3,"26",41.968462892,-87.659670442,"(41.968462892, -87.659670442)"
"E12",1766035,6837,NA,"3/22/09","WEAPONS VIOLATION","UNLAWFUL POSS OF HANDGUN","GAS STATION","true","false",731,7,6,69,"15",41.764632089,-87.628311641,"(41.764632089, -87.628311641)"
"E13",2093042,6847,NA,"4/19/18","NARCOTICS","POSS: COCAINE","ALLEY","true","false",2514,25,30,19,"18",41.935639786,-87.773688687,"(41.935639786, -87.773688687)"
"E14",3887300,6847,NA,"4/19/18","BATTERY","SIMPLE","PARK PROPERTY","false","false",2432,24,49,1,"08B",42.005578346,-87.658307685,"(42.005578346, -87.658307685)"
"E15",1115429,6847,NA,"4/29/11","WEAPONS VIOLATION","RECKLESS FIREARM DISCHARGE","STREET","true","false",632,6,8,44,"15",41.733551299,-87.604749489,"(41.733551299, -87.604749489)"
"E16",1649194,6847,NA,"10/6/15","CRIMINAL DAMAGE","TO PROPERTY","RESIDENCE","false","false",2232,22,34,73,"14",41.708137453,-87.654708065,"(41.708137453, -87.654708065)"
"E17",117503,6837,NA,"12/17/96","DECEPTIVE PRACTICE","CREDIT CARD FRAUD","BAR OR TAVERN","false","false",1924,19,44,6,"11",41.940518859,-87.6541242,"(41.940518859, -87.6541242)"
"E18",15337,6837,NA,"12/17/96","ROBBERY","ARMED: OTHER DANGEROUS WEAPON","CTA PLATFORM","false","false",121,1,25,28,"03",41.875717757,-87.64099364,"(41.875717757, -87.64099364)"
"E19",3273186,6847,NA,"10/11/00","NARCOTICS","MANU/DEL:CANNABIS OVER 10 GMS","STREET","true","false",613,6,21,71,"18",41.738925174,-87.648561871,"(41.738925174, -87.648561871)"
"E20",2458478,6837,NA,"2/2/04","CRIMINAL DAMAGE","TO VEHICLE","VEHICLE NON-COMMERCIAL","false","false",1723,17,35,16,"14",41.955601121,-87.718408105,"(41.955601121, -87.718408105)"
"E21",2999051,6837,NA,"11/30/16","BATTERY","DOMESTIC BATTERY SIMPLE","APARTMENT","false","true",1022,10,24,29,"08B",41.858384589,-87.707876278,"(41.858384589, -87.707876278)"
"E22",42459,6847,NA,"7/12/15","THEFT","POCKET-PICKING","BAR OR TAVERN","false","false",1831,18,42,8,"06",41.890013524,-87.631664996,"(41.890013524, -87.631664996)"
"E23",3431116,6837,NA,"8/27/12","CRIMINAL DAMAGE","TO VEHICLE","PARKING LOT/GARAGE(NON.RESID.)","false","false",825,8,16,66,"14",41.784108602,-87.693528912,"(41.784108602, -87.693528912)"
"E24",1191511,6837,NA,"11/11/88","ASSAULT","AGGRAVATED: HANDGUN","SIDEWALK","false","false",834,8,18,70,"04A",41.74937879,-87.725239484,"(41.74937879, -87.725239484)"
"E25",3056,6837,NA,"11/11/88","WEAPONS VIOLATION","RECKLESS FIREARM DISCHARGE","RESIDENTIAL YARD (FRONT/BACK)","true","false",2232,22,34,73,"15",41.710026548,-87.646561348,"(41.710026548, -87.646561348)"
"E26",2069625,6847,NA,"2/5/17","NARCOTICS","POSS: HEROIN(WHITE)","SIDEWALK","true","false",1624,16,45,15,"18",41.955789401,-87.750288365,"(41.955789401, -87.750288365)"
"E27",10912,6837,NA,"1/16/17","LIQUOR LAW VIOLATION","LIQUOR LICENSE VIOLATION","BAR OR TAVERN","true","false",1831,18,42,8,"22",41.891051707,-87.63405559,"(41.891051707, -87.63405559)"
"E28",4312137,6847,NA,"10/17/11","WEAPONS VIOLATION","UNLAWFUL POSS OF HANDGUN","RESIDENTIAL YARD (FRONT/BACK)","true","false",1522,15,29,25,"15",41.87749962,-87.760187749,"(41.87749962, -87.760187749)"
"E29",1453519,6837,NA,"11/4/91","WEAPONS VIOLATION","UNLAWFUL POSS OF HANDGUN","RESIDENCE","true","false",1024,10,12,30,"15",41.850909651,-87.706444228,"(41.850909651, -87.706444228)"
"E30",1816250,6837,NA,"8/5/06","NARCOTICS","FOUND SUSPECT NARCOTICS","ALLEY","true","false",1121,11,27,23,"18",41.892395756,-87.70768047,"(41.892395756, -87.70768047)"
"E31",534650,6837,NA,"8/5/06","BATTERY","SIMPLE","BAR OR TAVERN","false","false",1214,12,27,28,"08B",41.88705768,-87.647514742,"(41.88705768, -87.647514742)"
"E32",2364204,6847,NA,"7/7/12","BATTERY","DOMESTIC BATTERY SIMPLE","RESIDENCE","true","false",715,7,15,67,"08B",41.791531335,-87.675449976,"(41.791531335, -87.675449976)"
"E33",1412246,6842,NA,"5/15/18","THEFT","OVER $500","STREET","false","false",1624,16,45,15,"06",41.953347206,-87.753027408,"(41.953347206, -87.753027408)"
"E34",3177726,6837,NA,"12/1/14","MOTOR VEHICLE THEFT","AUTOMOBILE","STREET","false","false",333,3,5,43,"07",41.76035956,-87.574933738,"(41.76035956, -87.574933738)"
"E35",2076748,6847,NA,"3/5/14","CRIMINAL DAMAGE","TO PROPERTY","APARTMENT","false","false",612,6,17,71,"14",41.756852897,-87.65026616,"(41.756852897, -87.65026616)"
"E36",2546120,6847,NA,"9/5/16","THEFT","OVER $500","RESIDENTIAL YARD (FRONT/BACK)","false","false",715,7,15,67,"06",41.787945216,-87.674129916,"(41.787945216, -87.674129916)"
"E37",222860,6847,NA,"7/16/13","CRIMINAL DAMAGE","TO VEHICLE","STREET","false","false",822,8,23,63,"14",41.78894435,-87.709552791,"(41.78894435, -87.709552791)"
"E38",2692544,6847,NA,"5/24/14","THEFT","$500 AND UNDER","VEHICLE NON-COMMERCIAL","false","false",1431,14,1,22,"06",41.926647792,-87.695439685,"(41.926647792, -87.695439685)"
"E39",30657,6837,NA,"4/4/00","BATTERY","SIMPLE","RESIDENCE","false","false",434,4,7,51,"08B",41.700167359,-87.563191209,"(41.700167359, -87.563191209)"
"E40",2558237,6837,NA,"11/6/13","DECEPTIVE PRACTICE","CREDIT CARD FRAUD","AIRPORT BUILDING NON-TERMINAL - NON-SECURE AREA","false","false",1651,16,41,76,"11",41.976290414,-87.905227221,"(41.976290414, -87.905227221)"
"E41",3140789,6837,NA,"3/22/00","BATTERY","DOMESTIC BATTERY SIMPLE","RESIDENCE","false","true",923,9,14,63,"08B",41.796581899,-87.695099168,"(41.796581899, -87.695099168)"
"E42",1275970,6847,NA,"3/22/00","BATTERY","AGGRAVATED DOMESTIC BATTERY: KNIFE/CUTTING INST","APARTMENT","false","false",333,3,5,43,"04B",41.763456466,-87.579306774,"(41.763456466, -87.579306774)"
"E43",2222506,6847,NA,"3/22/00","WEAPONS VIOLATION","RECKLESS FIREARM DISCHARGE","RESIDENTIAL YARD (FRONT/BACK)","true","false",1021,10,24,29,"15",41.855823906,-87.71389916,"(41.855823906, -87.71389916)"
"E44",3069826,6847,NA,"3/22/00","ASSAULT","AGG PRO.EMP:KNIFE/CUTTING INST","GAS STATION","false","false",712,7,16,68,"04A",41.78701723,-87.645505595,"(41.78701723, -87.645505595)"
"E45",2394312,6837,NA,"9/18/91","BATTERY","DOMESTIC BATTERY SIMPLE","RESIDENCE","true","true",823,8,16,66,"08B",41.780876438,-87.697594111,"(41.780876438, -87.697594111)"
"E46",2511854,6837,NA,"6/25/92","BATTERY","DOMESTIC BATTERY SIMPLE","RESIDENCE","true","true",1032,10,22,30,"08B",41.837896144,-87.717055526,"(41.837896144, -87.717055526)"
"E47",2511875,6837,NA,"6/25/92","THEFT","FROM BUILDING","RESTAURANT","false","false",1224,12,27,28,"06",41.881553034,-87.661024778,"(41.881553034, -87.661024778)"
"E48",234367,6847,NA,"3/29/16","MOTOR VEHICLE THEFT","AUTOMOBILE","STREET","false","false",1122,11,27,23,"07",41.888744285,-87.718557585,"(41.888744285, -87.718557585)"
"E49",2217240,6847,NA,"8/13/15","WEAPONS VIOLATION","UNLAWFUL POSS OF HANDGUN","STREET","true","false",2232,22,34,73,"15",41.707906807,-87.640431292,"(41.707906807, -87.640431292)"
"E50",1178942,6837,NA,"9/9/01","CRIMINAL DAMAGE","TO PROPERTY","RESIDENCE","false","true",835,8,18,70,"14",41.743796129,-87.683980665,"(41.743796129, -87.683980665)"
