"PID","Name_Prefix","Name_Given","Name_Middle","Name_Sur","Name_Suffix","Sex","Race","Height","Weight","HairColor","EyeColor","DOB","Birth_Country","Address_StreetNumber","Address_StreetName","Address_StreetSuffix","Address_StreetUnit","Probation","Custody","Gang","Parole","Dead","Caution"
2,NA,"XAHDZINOJ","EVXENFNAST","LNWDCIHVD","","M","W",603,190,"Brown","Hazel","1/27/44","United States","1015","ORUNMCK","BLVD","2",FALSE,FALSE,FALSE,FALSE,FALSE,FALSE
87,NA,"FOVWHZPD","SNCHITFBBX","JIJJXBZWY","","M","W",603,195,"Gray","Brown","3/25/51","United States of America (the)","7840","ZRFAMZC","Rd","104",FALSE,TRUE,FALSE,FALSE,FALSE,FALSE
225,NA,"PYHCJFTDP","ECCWXVOCAR","XCUTAL","","M","W",600,195,"Black","Brown","10/2/51","United States","1004","JHCSEQCGY","WAY","",FALSE,FALSE,TRUE,FALSE,FALSE,TRUE
246,NA,"JVAWTOD","DSSZSXMIS","EPPADSZQP","","M","W",603,235,"Brown","Blue","2/12/52","United States of America (the)","8665","PBBNJF","Rd","179",FALSE,FALSE,FALSE,FALSE,FALSE,TRUE
337,NA,"CHVAPQKF","KHDQGCAI","CHJPN","","M","B",509,220,"Black","Brown","8/20/53","United States of America (the)","841","UDLFLORI","Ct","",FALSE,FALSE,FALSE,FALSE,FALSE,FALSE
389,NA,"SFJMOMRA","QYBCJRNG","TVTJEEH","","M","W",507,175,"Blonde","Hazel","5/8/52","United States of America (the)","11345","EGDZJONN","Cir","",FALSE,FALSE,FALSE,FALSE,FALSE,FALSE
572,NA,"NKMAQSPCVX","ZTPQ","HUIYXGFZ","","F","B",506,110,"Black","Brown","8/15/52","United States of America (the)","225","UTGNNWOWN","Dr","",FALSE,FALSE,FALSE,FALSE,FALSE,FALSE
574,NA,"ANSPHEUS","RNGJAQUC","XVMHZW","","M","B",509,235,"Black","Brown","11/19/53","United States of America (the)","","YLZYKB","","",FALSE,FALSE,FALSE,FALSE,FALSE,TRUE
622,NA,"EDIQBUOVN","XYHOTVZKS","GHLYPWEMO","","M","B",511,180,"Black","Brown","12/11/51","United States of America (the)","3819","VMEXVEM","St","",TRUE,FALSE,FALSE,FALSE,FALSE,TRUE
640,NA,"NRNFFAFTL","DBEACIVA","GFVJYAYR","","M","B",506,195,"Black","Brown","4/26/49","United States","96","CVQATCVL","AVE","",FALSE,FALSE,FALSE,TRUE,FALSE,TRUE
704,NA,"ROATHRNOI","QJUUB","YFCOKJ","","M","W",509,125,"Brown","Brown","11/27/48","United States of America (the)","4942","HGJGHTQD","Ln","8",FALSE,FALSE,FALSE,FALSE,FALSE,FALSE
716,NA,"NIHGHUP","ODGECB","UZWUHUOX","","M","W",504,140,"Blonde","Blue","10/5/52","United States of America (the)","1400","SXKTXTK","St","",FALSE,FALSE,FALSE,FALSE,FALSE,FALSE
728,NA,"EMSUIKWZ","FFWSSO","YVAPQOQ","","M","W",600,185,"Brown","Brown","10/7/53","United States","4639","JVALSDNFS","AVE","",FALSE,FALSE,FALSE,TRUE,FALSE,FALSE
772,NA,"WUISDMDI","UTIPJBK","CMXGGEJZ","","M","W",511,195,"Brown","Brown","11/16/53","United States of America (the)","","IPGOCNH","","",FALSE,FALSE,FALSE,FALSE,TRUE,FALSE
774,NA,"APDKCVHA","ETKQNDXPD","WOWGNQLE","","M","H",510,185,"Black","Black","4/15/53","United States of America (the)","2504","GSMJLVNUM","Ave","",FALSE,FALSE,FALSE,FALSE,FALSE,FALSE
793,NA,"GTZPCHSZ","LWGFOADERN","VLTXMZKWJ","","M","W",600,190,"Brown","Brown","11/24/50","United States","7809","CXIWVBT","AVE","",FALSE,FALSE,FALSE,FALSE,FALSE,FALSE
980,NA,"JQURSBTGM","RFIT","EIXDFBT","","M","W",506,150,"Black","Blue","1/20/54","United States of America (the)","1524","JDFOZUP","St","",FALSE,FALSE,FALSE,FALSE,TRUE,FALSE
1130,NA,"PGFTRKOZ","XMIJSGS","AZAWSNFJW","","M","H",509,175,"Black","Brown","2/3/55","United States","6103","IMQUGC","AVE","",FALSE,FALSE,FALSE,FALSE,FALSE,FALSE
1142,NA,"OGYWDEAX","PGWEGLTTGU","GAKMGXVN","","M","H",509,155,"Black","Brown","8/13/54","United States of America (the)","651","AGAIEWYXX","St","",TRUE,TRUE,FALSE,TRUE,FALSE,TRUE
1346,NA,"ELFQUEA","LYNQWTCD","YDVDYHDTX","","M","B",602,206,"Black","Brown","11/23/54","United States of America (the)","4","YIHMZ","St","212",FALSE,FALSE,FALSE,TRUE,FALSE,TRUE
1568,NA,"HZRKFITRH","UKPQOCQR","PODKUNQ","","M","W",510,145,"Brown","Brown","3/8/56","United States of America (the)","6816","RNGIDLKZF","St","",FALSE,FALSE,FALSE,FALSE,FALSE,FALSE
1815,NA,"DENFGYA","DKRJNGGDUS","AZSWTSE","","M","W",508,170,"Brown","Blue","1/17/55","United States","34","JDXDBB","DR","",FALSE,FALSE,FALSE,FALSE,FALSE,FALSE
1856,NA,"MCKZXJTG","KWMTNBJ","EYSDQAUNV","","M","W",511,194,"Brown","Green","4/5/60","United States","2934","ACLGBR","AVE","F7",FALSE,FALSE,FALSE,FALSE,FALSE,FALSE
2025,NA,"CHIKWDKO","BKWIEWS","PEWJJAHS","","M","W",509,215,"Brown","Blue","10/14/56","United States of America (the)","1243","YMICXAETD","Ave","12",FALSE,FALSE,FALSE,FALSE,FALSE,FALSE
2030,NA,"THYVIPDTKM","YKCWQWUJ","GFZIPW","","M","H",510,180,"Brown","Brown","11/17/58","United States","","WWEJZRXN","","",FALSE,FALSE,FALSE,FALSE,TRUE,FALSE
2256,NA,"STCTJYQI","GVFRTTOT","IKWDFV","","M","W",509,180,"Brown","Brown","12/18/56","United States","4315","NXRUKQN","WAY","",FALSE,FALSE,FALSE,FALSE,FALSE,FALSE
2258,NA,"ZEPJ","NEBZWXZX","QEHRPDPP","","F","W",505,175,"Brown","Green","3/5/57","United States","1220","GOESMSGOM","AVE","8",FALSE,FALSE,FALSE,FALSE,FALSE,FALSE
2261,NA,"VCCIFYHID","TEHGEERN","UUXQIMGX","","M","W",509,145,"Brown","Hazel","10/14/60","United States","8127","XWUHFDEBK","AVE","1",FALSE,FALSE,FALSE,FALSE,FALSE,TRUE
2387,NA,"SYAHIESJM","IFETGSIBM","BOXIYYZGOT","","M","W",507,170,"Brown","Brown","5/6/57","United States of America (the)","","QUSGRY","","",FALSE,FALSE,FALSE,FALSE,TRUE,FALSE
2524,NA,"SPUSZP","YDHUICGRMO","OMSHBVVR","","M","H",503,130,"Black","Brown","6/12/56","United States","741","BSLFCLA","AVE","",FALSE,FALSE,FALSE,TRUE,FALSE,TRUE
2588,NA,"DEFLOP","RZRQHRYAM","WBYZRZVGTO","","M","W",508,175,"Brown","Blue","8/30/57","United States of America (the)","8881","AXEYXBKHQ","Rd","",FALSE,FALSE,FALSE,FALSE,FALSE,FALSE
2670,NA,"RSVLXGD","RIWFGVCA","OGGHZWGP","","F","W",504,130,"Brown","Hazel","10/2/48","United States of America (the)","5401","VKQOEFWHR","Way","",FALSE,FALSE,FALSE,FALSE,FALSE,FALSE
3131701,NA,"LYFFVXGDU","EHMDSIOZ","PBLWXMAQ","","M","H",506,145,"Brown","Brown","8/28/79","United States of America (the)","1920","XLTVXT","Ave","",FALSE,FALSE,TRUE,FALSE,FALSE,TRUE
2773,NA,"JVLOUCVF","ZPJSREXG","JVPEUHFF","","M","H",506,170,"Black","Brown","7/25/38","United States","3120","OSTTQPQC","AVE","",FALSE,FALSE,FALSE,FALSE,FALSE,FALSE
2800,NA,"PBNJKNC","ZYONYAO","CKCQHCJ","","F","W",508,145,"Brown","Blue","9/14/57","England","2108","NZEEVJHJX","AVE","",FALSE,FALSE,FALSE,FALSE,FALSE,FALSE
2763448,NA,"EUDRWJI","QCSRBRZMH","GLYPUN","","F","H",501,140,"Black","Brown","5/30/81","United States","00","TZAVAAZG","","",FALSE,FALSE,TRUE,FALSE,FALSE,FALSE
3111,NA,"ZGWPKGK","CKJHYKSRW","INTVKBEH","","M","W",602,180,"Gray","Blue","4/16/58","United States of America (the)","6713","KYWGYCBKNK","Dr","",FALSE,FALSE,FALSE,FALSE,TRUE,FALSE
3137,NA,"SBXRCXB","PSPALHC","PPGPTAXE","","M","B",511,215,"Black","Brown","10/7/57","United States of America (the)","3712","LHXYYJSBX","St","A",FALSE,FALSE,FALSE,FALSE,FALSE,TRUE
3163,NA,"XRGKCYSX","KBKPTRDVS","TFRKZSQ","","M","W",507,180,"Brown","Blue","4/19/62","United States of America (the)","1160","OEJBHSIAQ","Way","",FALSE,FALSE,TRUE,FALSE,FALSE,TRUE
3251,NA,"CVLFFWKB","PYIEINPD","JLXQDEJ","","M","W",510,180,"Brown","Green","3/7/57","United States","2051 W","ZBAZAH","DR","43",FALSE,FALSE,FALSE,FALSE,FALSE,FALSE
3281,NA,"EMDIPBI","YMFFQIF","HOOPSZV","","M","W",507,160,"Brown","Brown","4/3/58","United States","300","YHYKOKKA","RD","",FALSE,FALSE,TRUE,FALSE,FALSE,TRUE
3364,NA,"KXPYEOZ","WXPARV","HAFOVEJ","","M","W",507,150,"Red or Auburn","Brown","3/14/54","United States of America (the)","108587","QDAQS","Blvd","",FALSE,FALSE,FALSE,FALSE,FALSE,TRUE
3379,NA,"KSGNQTJ","FTHQAAJZO","EEBXTSMXY","","M","W",602,200,"Blonde","Blue","9/1/61","United States of America (the)","","OUSIEDJ","","",FALSE,FALSE,FALSE,FALSE,FALSE,TRUE
3474,NA,"BGRAARDCS","RLPRYGGB","MWYZOD","","M","W",600,150,"Red or Auburn","Brown","6/16/45","United States of America (the)","1","UBTLPQRMO","","",TRUE,FALSE,FALSE,FALSE,FALSE,FALSE
3482,NA,"NWGAXAWC","WVKGBKY","CKHQBNA","","M","W",509,260,"Brown","Green","10/29/63","United States of America (the)","","MIYABYA","","",TRUE,FALSE,FALSE,FALSE,FALSE,FALSE
3517,NA,"OIFJXHBLV","PTBPJQZCX","HBYZIS","","M","B",507,185,"Black","Brown","4/1/55","United States of America (the)","4424","QVZWMTDC","Blvd","7",FALSE,FALSE,FALSE,FALSE,FALSE,TRUE
3596,NA,"XYFIRFDTX","SATIWI","RZNKIQHCF","","M","B",509,200,"Black","Brown","2/24/64","United States of America (the)","2117","LSTWUEU","","",TRUE,FALSE,FALSE,FALSE,FALSE,TRUE
3629,NA,"YKJBRLS","SLVYSVFWK","OMMHFHCVW","","M","W",601,220,"Blonde","Blue","4/8/58","United States of America (the)","2713","QIGEILYEL","Way","",FALSE,FALSE,FALSE,FALSE,FALSE,TRUE
3648,NA,"GTGPCAJ","RINHJSGOZQ","GBMRGJILS","","M","W",511,225,"Gray","Blue","9/27/62","United States of America (the)","","YRYOJXFMJH","","",FALSE,FALSE,TRUE,FALSE,FALSE,FALSE
3692,NA,"TNKNRJO","RDRBVXTLEX","HUDQNWBP","","M","W",602,200,"Gray","Hazel","6/3/60","United States of America (the)","1330","XMMQWLKV","","",FALSE,FALSE,FALSE,FALSE,FALSE,TRUE
3869,NA,"XYCFZOX","YSTDQFSQ","SXFELEDJ","","M","B",509,160,"Black","Brown","4/13/58","United States of America (the)","1","ZAPVQRC","Dr","",FALSE,FALSE,FALSE,FALSE,TRUE,TRUE
3926,NA,"IGENFWYEJ","IKOYIWPW","ZWJEWWVC","","M","W",602,170,"Gray","Blue","11/22/56","Japan","10335","ZLQUUYPU","Rd","#26",FALSE,FALSE,FALSE,FALSE,FALSE,FALSE
3974,NA,"XXGWNRRZV","EOTVH","HBZEJX","II","M","W",510,200,"Gray","Green","8/17/51","United States","8932","XOBXKTTC","Rd","",FALSE,FALSE,FALSE,FALSE,FALSE,TRUE
4069,NA,"YSUFACS","QPEILOV","OLBAWAPH","","M","W",602,245,"Brown","Brown","10/5/58","United States of America (the)","CSP","NZRYRHHI","","",FALSE,FALSE,FALSE,FALSE,TRUE,TRUE
4168,NA,"AFRULIBPU","DPMBQY","TYXRRF","","M","W",507,165,"Brown","Blue","9/15/58","United States","1 RR","SZXTLMXM","","",FALSE,FALSE,FALSE,FALSE,FALSE,FALSE
4181,NA,"YZQZJEMU","LPYRMR","NUCYVPVIB","","M","W",509,265,"Brown","Brown","7/20/52","United States","6121","EHALZMUU","DR","",FALSE,FALSE,FALSE,FALSE,FALSE,FALSE
4266,NA,"VFXEHR","QJEMVPE","YSASDZG","JR","M","B",600,230,"Black","Brown","1/15/57","United States of America (the)","9647","TPVLWCMRW","Dr","",FALSE,FALSE,FALSE,TRUE,FALSE,FALSE
4416,NA,"NTKTFIA","NSNQU","XLGJIQO","","F","B",504,175,"Black","Brown","12/27/47","United States","7852","JRLDFKD","BLVD","",FALSE,FALSE,FALSE,FALSE,FALSE,FALSE
4496,NA,"HUWAITYI","REUJXCVY","AYETGPWJ","","M","W",508,190,"Blonde","Blue","4/15/59","United States of America (the)","7403 SE","BSLATWBFFM","Ave","",FALSE,FALSE,FALSE,FALSE,FALSE,TRUE
4573,NA,"IDFJLNM","SGSTSUMMJ","WQDRQYJ","","M","B",511,218,"Black","Brown","9/2/59","United States of America (the)","4449","HXJWKHUTN","St","",FALSE,FALSE,TRUE,FALSE,FALSE,TRUE
4687,NA,"ORQGCHLJ","GALKUTVXF","MRSFTNS","","M","W",602,200,"Red or Auburn","Blue","10/11/61","United States","6046","UXBTCGG","WAY","",FALSE,FALSE,FALSE,TRUE,FALSE,TRUE
4872,NA,"QBOTHIX","WVLR","UDJMKWN","","M","W",601,220,"Brown","Brown","1/8/57","United States","4916","ZALKJOCZK","AVE","",FALSE,FALSE,FALSE,TRUE,FALSE,TRUE
4898,NA,"XGUCZO","WZNJSW","BDPLWPO","","F","W",507,170,"Blonde","Blue","3/20/50","United States of America (the)","","HFJNRUXU","","",FALSE,FALSE,FALSE,FALSE,FALSE,FALSE
5233,NA,"ZLMAOFBBGP","MYAOWFV","ZPOIBBLWN","","F","W",504,130,"Brown","Brown","1/22/53","United States","5620","SOJNMRJGWQ","DR","",FALSE,FALSE,FALSE,FALSE,FALSE,FALSE
5518,NA,"ZFDHQCATM","LMZURON","DODJQEYS","","M","W",508,185,"Gray","Blue","3/22/59","United States","221","OFILOYKR","","",FALSE,FALSE,FALSE,FALSE,FALSE,FALSE
5604,NA,"WINXHDRQF","VRRZTZERJ","HAWXGA","","M","B",507,155,"Black","Brown","2/9/56","United States of America (the)","919","NJEDKU","Ave","",TRUE,FALSE,FALSE,FALSE,FALSE,FALSE
5619,NA,"NEKMTCQE","ZIIUYZFY","SKPUUAXUS","","M","B",509,195,"Black","Brown","2/8/60","United States of America (the)","4250","HEHMVFA","Blvd","",FALSE,FALSE,FALSE,TRUE,FALSE,FALSE
5639,NA,"RWHCODGC","KJLQZYH","RQIHXOGF","","F","B",504,135,"Brown","Brown","1/17/61","United States of America (the)","2410","RKYFOYDY","Ln","",FALSE,FALSE,FALSE,FALSE,FALSE,TRUE
6013,NA,"PJGXFRI","JIVWUTJ","BZQKOGFBFK","","M","H",505,150,"Brown","Brown","5/13/56","United States of America (the)","1964","ZFRWZJIC","Way","13",FALSE,FALSE,FALSE,FALSE,FALSE,TRUE
6024,NA,"NOLXMBOCWQ","NEXLXLVB","CAGJDYLFI","","M","W",511,285,"Brown","Hazel","5/23/59","United States of America (the)","306","YLLTOKSH","St","",FALSE,FALSE,FALSE,FALSE,FALSE,FALSE
6049,NA,"ZLVKFDKA","MCIYQXLWTD","EOHPBCBZX","","M","B",601,160,"Black","Brown","12/31/53","United States","1010","WDLQCLADG","ST","10",FALSE,FALSE,FALSE,TRUE,FALSE,TRUE
6079,NA,"NWPOHNH","FLMXFBG","NRADUCO","","F","B",507,290,"Black","Brown","6/19/64","United States of America (the)","11228","VXLZLSZXL","Blvd","",FALSE,FALSE,FALSE,TRUE,FALSE,TRUE
6241,NA,"MCXJLTOPX","JUUCQJGAP","ZHVUDRMK","","M","B",511,170,"Black","Brown","11/26/36","United States","6068","MTOLYXUD","","",FALSE,FALSE,FALSE,FALSE,FALSE,FALSE
6271,NA,"LVOAVHN","SUPFRJYB","QTPDFWDU","","M","H",508,150,"Black","Brown","3/2/46","United States","744","EQURCVF","","",FALSE,FALSE,TRUE,FALSE,FALSE,TRUE
6315,NA,"ZAPWSLC","ZEJFEK","SAZQULA","","M","B",506,177,"Black","Brown","6/12/66","United States","7421","YYUVDJVHN","PKWY","",FALSE,FALSE,TRUE,FALSE,FALSE,TRUE
6388,NA,"XEWUKJR","SJZBUPI","WAGSXDYCY","","F","W",503,140,"Brown","Brown","2/9/54","United States of America (the)","1321","ADVXIJISWQ","St","32",FALSE,FALSE,FALSE,FALSE,FALSE,FALSE
3679357,NA,"XPYAPAB","PCGOZEF","YNEFSOUJY","","M","W",511,170,"Brown","Brown","7/31/44","United States","1621","XQNLSEZ","BLVD","",FALSE,FALSE,FALSE,FALSE,FALSE,FALSE
4271536,NA,"SRQRSOV","RFIYPHMO","QZEBSZTE","","M","W",602,205,"Red or Auburn","Blue","9/17/85","United States of America (the)","7100","CKSBSORJZB","Dr","",FALSE,FALSE,FALSE,FALSE,FALSE,FALSE
531725,NA,"XVPJGVOG","UIGAGARQ","TTIXVYL","","M","H",504,175,"Brown","Brown","11/8/58","United States","9308","QKUDGNE","DR","",FALSE,FALSE,TRUE,TRUE,FALSE,TRUE
878636,NA,"KRDAUFP","VIUYFQGUAT","MHARXHJ","","M","W",511,240,"Brown","Brown","10/22/39","United States","2052","UUIKAPCSX","WAY","",FALSE,FALSE,FALSE,FALSE,TRUE,FALSE
2176258,NA,"KKMNXYUUO","OMUKIMRH","NWQNZKBK","","F","B",502,110,"Gray","Brown","3/20/56","United States of America (the)","3904","BYKFJNOR","St","",FALSE,FALSE,FALSE,FALSE,FALSE,FALSE
3490913,NA,"KADHWHHUKV","IYJIMSKAJ","SWLNFBKF","","F","W",0,0,"Unknown","Unknown","12/20/55","United States","3700","IOOMXYH","BLVD","125",FALSE,FALSE,FALSE,FALSE,FALSE,FALSE
503748,NA,"WDMAYXKKO","NXKZYSYTX","PXHJACQFO","","M","B",600,185,"Black","Brown","7/31/52","United States of America (the)","841","XGWXBVRBR","Ct","",FALSE,FALSE,FALSE,FALSE,FALSE,FALSE
97933,NA,"HMAYLTVJY","BIURKI","WJVBWALFNM","","M","W",509,200,"Brown","Blue","12/23/54","United States","1120","BCBDWRL","","",FALSE,FALSE,FALSE,TRUE,FALSE,FALSE
718403,NA,"BSRXBRUS","WHOPCWQ","USPQGOKE","","F","I",504,155,"Brown","Brown","4/7/60","United States","1949","GZYYZLA","AVE","",FALSE,FALSE,FALSE,FALSE,FALSE,FALSE
535451,NA,"XBVHMECVW","RPNBWEQU","ALNVJGVF","","M","B",506,290,"Black","Brown","3/16/56","United States","2609","KVPGIUK","Way","1",TRUE,FALSE,FALSE,FALSE,FALSE,FALSE
603167,NA,"MADUKFD","BVSIASOZ","CKUCVYMAAN","","M","B",600,250,"Black","Brown","6/12/61","United States of America (the)","3903","ZBKWZHAT","St","",FALSE,FALSE,TRUE,FALSE,FALSE,FALSE
228196,NA,"OEXGRCB","LLQCBWU","ZMKARBMB","","M","B",602,180,"Black","Brown","3/28/66","United States of America (the)","6210","KFKAHBTI","St","",FALSE,FALSE,TRUE,FALSE,FALSE,FALSE
3550843,NA,"DLJZYMSVW","XVXVGGIYN","KJKWLMRLQ","","M","B",602,170,"Black","Brown","4/19/82","United States of America (the)","651","QYHWWUZ","St","",TRUE,TRUE,FALSE,TRUE,FALSE,TRUE
118860,NA,"SKCZTPCUOV","YXAWTTIR","FWYUJPGLPG","","M","W",509,200,"Brown","Blue","1/22/34","United States","715","MLWCBNDXDX","ST","",FALSE,FALSE,FALSE,TRUE,FALSE,FALSE
612426,NA,"TYUAOTGY","WKVFVC","EBPUSZFDB","","M","H",509,175,"Black","Brown","12/13/49","United States of America (the)","","TMUXWAD","","",FALSE,FALSE,FALSE,FALSE,FALSE,FALSE
1104915,NA,"UONZWGFI","ODWJNL","DQAXBCMW","","M","W",600,180,"Blonde","Blue","4/5/76","United States of America (the)","7445","GZATTWH","Way","",FALSE,FALSE,FALSE,FALSE,FALSE,FALSE
4176434,NA,"DBWJNAW","SFPMNC","PFMJLNKRM","","F","W",500,130,"Brown","Brown","7/12/79","United States of America (the)","600","UMIBOOXV","","9",FALSE,FALSE,FALSE,FALSE,FALSE,FALSE
3200871,NA,"JVTTDNAFMG","ETFWNXRW","SFYQNGH","","M","W",511,200,"Blonde","Brown","11/12/56","United States","","NZCKDF","","",FALSE,FALSE,FALSE,FALSE,TRUE,FALSE
1803859,NA,"BTPKZGTT","LTWFZCKYRM","QWGIVKT","","M","W",602,230,"Red or Auburn","Blue","7/4/58","United States of America (the)","6132","ZFSNOJPMN","Ave","42",FALSE,FALSE,FALSE,FALSE,FALSE,FALSE
78173,NA,"YWVCKVFH","BNYDICJ","DCIYYZTYCW","","M","B",510,135,"Black","Brown","11/6/33","United States","","JAXLCYQ","","",FALSE,FALSE,FALSE,FALSE,FALSE,FALSE
2569682,NA,"YFOQFMWAH","LJHRBJWWER","TXNRITXQF","","M","W",507,155,"Black","Brown","9/20/75","United States of America (the)","1100","AWKYD","Ave","",TRUE,FALSE,TRUE,FALSE,FALSE,TRUE
312621,NA,"BTMMFK","MQKYTUAI","HMVQDSMQSB","","M","H",511,185,"Brown","Brown","3/17/54","United States of America (the)","3429","QQHFJTMCL","Dr","",FALSE,FALSE,FALSE,FALSE,FALSE,FALSE
3102732,NA,"XFHYXNEM","KLSU","GICZHPTC","","F","W",502,135,"Blonde","Blue","12/25/84","United States","7615","PQEQBFNX","WAY","",FALSE,FALSE,FALSE,FALSE,FALSE,FALSE
594747,NA,"ERPLJI","EHPALFWSQ","MJXYIPSMU","","M","W",602,190,"Brown","Hazel","11/13/59","United States","6225","RFNHXPH","DR","3",FALSE,FALSE,FALSE,FALSE,FALSE,FALSE
1790105,NA,"RMOQSHQB","VKQUHZ","QWGLOBWK","","M","W",510,195,"Gray","Brown","9/12/50","Philippines (the)","2653","JRZRNU","Ave","",FALSE,FALSE,FALSE,FALSE,FALSE,FALSE
879838,NA,"IGDQDHNUL","OHSMREUUAD","TFPBCOXJF","","M","H",508,150,"Black","Brown","1/4/71","United States of America (the)","5929","AZTCINNOF","Way","",TRUE,FALSE,TRUE,FALSE,FALSE,FALSE
3059752,NA,"UGDGWQJEN","NAOWB","GDZIEMFACE","","M","B",510,150,"Black","Brown","3/30/80","United States of America (the)","CAL","MJCMZYYZOK","","",FALSE,FALSE,FALSE,FALSE,FALSE,FALSE
42450,NA,"FBMWQMZH","VMMHVN","SIXXMUQCU","","M","W",506,170,"Brown","Blue","7/8/61","United States","6544","NBLXQOAW","DR","2",FALSE,FALSE,FALSE,FALSE,FALSE,FALSE
902658,NA,"LULCOOXE","FUFLXX","JZBAXJUN","","F","W",503,160,"Brown","Brown","11/11/59","United States of America (the)","708 1/2","BIQBEALS","St","",FALSE,FALSE,FALSE,FALSE,FALSE,TRUE
3586471,NA,"YIGRBTIIF","GMZNM","WLJVSQUSG","","M","W",602,160,"Brown","Hazel","12/16/81","United States","8902","AWMHJ","DR","",FALSE,FALSE,FALSE,FALSE,FALSE,FALSE
647396,NA,"RRLULKD","RNPNWCYCG","NARZJEWY","","M","W",510,190,"Brown","Blue","12/30/48","United States of America (the)","3601","LHIAWCDKC","Way","",FALSE,FALSE,FALSE,FALSE,FALSE,FALSE
17620,NA,"EELVCRYGV","DYNXEBYAG","JZMWVJNIW","","M","H",511,180,"Black","Brown","8/13/60","United States","7680","PEQUMVOHV","ST","",FALSE,FALSE,FALSE,TRUE,FALSE,FALSE
36516,NA,"WZWTNTDBE","GRIWDJOF","DEOOFWR","","M","W",508,150,"Brown","Hazel","11/8/60","United States of America (the)","3911","LMJOXNZWA","Ave","B",FALSE,FALSE,FALSE,FALSE,TRUE,FALSE
176364,NA,"IWMCTOMDEZ","KRCIOEBH","DPILKF","","F","W",504,215,"Brown","Brown","3/4/67","United States","3325","JVTDYRS","AVE","1",FALSE,FALSE,FALSE,FALSE,TRUE,FALSE
3300130,NA,"CAYACIZO","JEESXTQKB","NIKYDNN","","M","W",602,180,"Black","Brown","12/31/88","United States","300","MHJNMHCS","RD","",FALSE,FALSE,FALSE,FALSE,FALSE,FALSE
1930002,NA,"RBBHJMHKN","CZGVYQHNH","BQORCCXU","","M","W",511,240,"Bald","Blue","3/7/77","United States of America (the)","3916","TBYAJEPEQ","St","",TRUE,TRUE,TRUE,TRUE,FALSE,FALSE
2397423,NA,"RNSAKMWSOY","BWJX","DAFIQDURC","","M","W",506,160,"Brown","Brown","5/6/55","United States","6508","VGXKJRTJF","WAY","",FALSE,FALSE,FALSE,TRUE,TRUE,FALSE
2716082,NA,"KRVBFPWR","EOAK","LWDAAFXG","","M","W",510,180,"Black","Hazel","8/15/87","United States","310","GCNJUXVLKZ","ST","",FALSE,FALSE,FALSE,FALSE,FALSE,TRUE
75611,NA,"CPFUNXVCW","OWZSSYVN","PAFTLKWZW","","M","W",602,190,"Brown","Blue","10/8/71","United States of America (the)","3900","BTGTLDOU","Ave","44",FALSE,FALSE,FALSE,FALSE,FALSE,TRUE
3277430,NA,"XSZBJEJG","ALFXXLBYVQ","ZCOEIU","","M","W",602,237,"Brown","Hazel","7/28/76","United States of America (the)","4218","AUEIVRJ","Dr","",FALSE,FALSE,TRUE,FALSE,FALSE,FALSE
562628,NA,"EKDFBWOD","RVYEVPWYL","LQMUFQD","","M","H",506,140,"Black","Brown","10/16/61","United States of America (the)","7336","HDWDSGNC","Dr","141",FALSE,FALSE,FALSE,FALSE,FALSE,TRUE
81317,NA,"AOOXJXD","FKRBGOGX","BHHSCYCY","","F","W",504,160,"Brown","Blue","7/20/59","United States","2810","ZMPNDHYR","AVE","G",FALSE,FALSE,FALSE,FALSE,FALSE,FALSE
1614895,NA,"ZGPMFS","EWOFTB","LRIUIQMQLL","","M","W",602,255,"Blonde","Blue","7/25/57","United States","623 1/2","KTGPCLT","ST","",FALSE,FALSE,FALSE,FALSE,FALSE,FALSE
13869,NA,"LAEXDROXJ","YUDYEHGH","VQKUGOAS","","M","W",508,200,"Gray","Brown","12/17/51","United States of America (the)","6517","BJMCBR","St","",FALSE,FALSE,TRUE,FALSE,FALSE,TRUE
4015133,NA,"AYAVBLFZV","HHMOWQYLG","NXGAFVKRX","","M","W",601,200,"Gray","Blue","2/27/54","United States","6517","JKQPHLXTQJ","ST","",FALSE,FALSE,FALSE,FALSE,FALSE,FALSE
3201257,NA,"PXSOQFUHV","YTQOPD","IYHWAV","","M","B",508,187,"Black","Brown","4/30/65","United States","714","FJDBKTAZY","AVE","6",FALSE,FALSE,FALSE,FALSE,FALSE,FALSE
4033650,NA,"XRYBJYK","QYCTFDUKJ","WHGVQDRJML","","M","W",509,190,"Brown","Blue","2/9/82","United States of America (the)","1641","ZGQYQAGF","Ave","",FALSE,FALSE,FALSE,FALSE,FALSE,TRUE
3114848,NA,"ADZMZBYQ","ORMFUUDDYO","VZZTWCPPW","","M","B",508,140,"Black","Brown","3/20/79","United States of America (the)","6101","WESLNJDZR","St","",FALSE,FALSE,FALSE,FALSE,FALSE,FALSE
1294386,NA,"UKNEYL","IPGNRZHU","VLPHNSXT","","M","W",507,190,"Gray","Hazel","1/11/56","United States of America (the)","2430","XSFYYCMZ","Blvd","93",FALSE,FALSE,FALSE,FALSE,FALSE,TRUE
134602,NA,"UXXTGOUQJ","JRKZKSJY","HHERMCY","","M","W",511,160,"Brown","Brown","10/10/49","United States","1537","OFQCGJKFHF","ST","",FALSE,FALSE,FALSE,FALSE,FALSE,FALSE
131027,NA,"XDUZGLG","QHAQOOQLO","FZTYLLNHO","","M","W",507,315,"Blonde","Hazel","3/28/64","United States of America (the)","306","UZQKCRCC","St","",TRUE,FALSE,TRUE,FALSE,FALSE,TRUE
4466207,NA,"NOBLEYJBN","BFILROSAR","EJOXDRCAF","","M","W",509,145,"Brown","Brown","4/29/95","United States of America (the)","8708","DMHUNJ","Way","",TRUE,TRUE,FALSE,FALSE,FALSE,FALSE
2510530,NA,"WKEQDSIP","XYZJHRNZ","PZEXNIFJD","","M","W",600,150,"Brown","Green","10/6/79","United States of America (the)","","GKXNOIMO","","",TRUE,TRUE,FALSE,FALSE,FALSE,FALSE
614759,NA,"QSDMX","LLJIAFFZ","YQLPGOGEU","","M","W",605,230,"Gray","Hazel","4/8/63","United States of America (the)","5356","GUKJEPAY","Ave","",FALSE,TRUE,FALSE,FALSE,FALSE,TRUE
1605062,NA,"DUOZPMD","ZKTWDBR","ORWARKN","","M","V",511,150,"Black","Brown","10/18/67","Viet Nam","6060","WBCUXYS","Blvd","",FALSE,FALSE,FALSE,FALSE,FALSE,TRUE
3602399,NA,"RDJDDT","IMJVMFAQ","HUVQKGDFI","","M","H",508,280,"Black","Brown","5/26/66","United States of America (the)","2632","JLWFEKB","St","",FALSE,FALSE,FALSE,TRUE,FALSE,TRUE
4475780,NA,"ZBRAETHYP","YWFVWAUN","FWOBDCKYR","","M","W",511,175,"Black","Brown","3/8/84","Armenia","3500","MJGGD","Dr","93",TRUE,FALSE,FALSE,FALSE,FALSE,FALSE
2876934,NA,"BOABNUKE","BTVKORUC","BSZPMNR","","M","W",511,187,"Brown","Blue","10/30/81","United States of America (the)","","KUPC","","",FALSE,FALSE,FALSE,FALSE,FALSE,FALSE
1766035,NA,"KVVHUTFV","RRJNVFIW","PSYKJES","","M","W",601,250,"Blonde","Brown","9/21/63","United States","","ATWCCBEK","","",FALSE,FALSE,FALSE,FALSE,TRUE,FALSE
2093042,NA,"WHNHGNZCW","WLTXUEA","OMAXEQS","","M","W",605,220,"Brown","Green","8/9/76","United States of America (the)","7101","SKAUONXAC","","",FALSE,FALSE,FALSE,FALSE,FALSE,FALSE
3887300,NA,"BGSZHDXO","ASNTBNTIT","NKSDN","","M","W",602,180,"Brown","Blue","11/18/82","Russian Federation (the)","3241","JPWDLB","Way","112",TRUE,FALSE,FALSE,FALSE,FALSE,FALSE
1115429,NA,"TWCQUPIXI","WIIAXLJ","ULWXVXGD","","M","B",511,260,"Black","Brown","7/27/54","United States","916","KABMDLNWF","AVE","",FALSE,FALSE,FALSE,FALSE,FALSE,FALSE
1649194,NA,"ZJUBVONGN","UASOFPJI","XMXXVGO","","M","W",510,160,"Brown","Brown","8/3/57","United States of America (the)","1","CQYUPHC","","",FALSE,FALSE,FALSE,FALSE,TRUE,TRUE
117503,NA,"FLNAYNKLSS","OTCCJICS","THJIHGOHM","","M","W",600,190,"Brown","Blue","12/21/36","United States of America (the)","5024","VOVEGC","Way","1",FALSE,FALSE,FALSE,FALSE,FALSE,FALSE
15337,NA,"ADRWMRHLE","YETZQBMY","BHYEAYDD","","M","H",602,210,"Black","Brown","12/4/60","United States","296","PSJOZMG","AVE","",FALSE,FALSE,FALSE,FALSE,FALSE,FALSE
3273186,NA,"XYPREAYJ","ZCHINR","QSRQET","","M","W",506,190,"Brown","Blue","5/24/60","United States of America (the)","","MCDIUYVFA","","",FALSE,FALSE,FALSE,FALSE,FALSE,TRUE
2458478,NA,"ASGKA","NSEXKVPVRL","YUCOVIM","","M","W",511,195,"Brown","Hazel","2/15/76","United States","128","WGHBGLNPNW","WAY","",FALSE,FALSE,FALSE,FALSE,FALSE,FALSE
2999051,NA,"TSXITVOC","FKHMTTCBY","PBRVQOZX","","F","W",502,110,"Brown","Hazel","3/11/87","United States of America (the)","6855","WXHZGSMRDB","Dr","",TRUE,FALSE,FALSE,FALSE,FALSE,FALSE
42459,NA,"LTPBYJOY","IYHWUB","EVKSRTWPX","","M","B",605,180,"Black","Brown","1/27/64","United States of America (the)","","ZNAWWUPQA","","",TRUE,FALSE,TRUE,FALSE,FALSE,FALSE
3431116,NA,"NVAYBSURP","QRVZVAZS","FTCAIT","","F","W",506,200,"Brown","Brown","5/3/80","United States","2121","VBCNEEA","RD","",FALSE,FALSE,FALSE,FALSE,FALSE,TRUE
1191511,NA,"RKHPO","HYQMYRHQZ","SKTWROYDM","","M","W",511,210,"Brown","Brown","4/4/65","United States","711","JAOTEAWJS","ST","",FALSE,FALSE,FALSE,FALSE,FALSE,FALSE
3056,NA,"DUTZLRRV","SXEAGILRZ","JZTMOV","","M","W",511,205,"Brown","Blue","4/19/53","United States of America (the)","7539","RBWDSCYZL","Ln","",FALSE,FALSE,FALSE,FALSE,FALSE,FALSE
2069625,NA,"QTQJZ","BHSDR","LGWLSNP","","M","B",510,210,"Black","Brown","10/30/75","United States of America (the)","CAL","EVAXJKA","","",FALSE,FALSE,FALSE,FALSE,FALSE,TRUE
10912,NA,"IZYXEE","ZYUGKPULV","JXJOFKH","","M","W",510,150,"Gray","Blue","1/19/52","United States of America (the)","7012","CHWOKDG","Rd","",FALSE,FALSE,FALSE,FALSE,FALSE,FALSE
4312137,NA,"GMKMSNTL","EWRWISJLKF","WQLFZSA","","M","B",600,200,"Black","Brown","1/31/90","United States","1103 N","WUDLQJ","St","",TRUE,FALSE,FALSE,FALSE,FALSE,FALSE
1453519,NA,"FYYVE","HHYNNF","BFKWZJRU","","M","H",600,219,"Brown","Brown","5/28/69","United States of America (the)","3234","EKBUCCSTPN","St","14",FALSE,FALSE,FALSE,FALSE,FALSE,FALSE
1816250,NA,"RROJSWULYS","RXLVTBSEOZ","QQWCKFQI","","M","W",510,200,"Gray","Brown","5/31/53","United States","520","DZFCDQWB","AVE","",FALSE,FALSE,FALSE,FALSE,FALSE,FALSE
534650,NA,"GPDEOUR","TXCOSJKUE","BYXDIPWUD","","M","W",600,200,"Blonde","Blue","1/10/58","United States of America (the)","2814","KDYFSMUEM","St"," #67",FALSE,FALSE,FALSE,FALSE,FALSE,TRUE
2364204,NA,"JYKSNNH","NHBMAUR","SZCPZYXBV","","F","W",508,200,"Blonde","Blue","9/14/74","United States","215","QDDYKSQ","DR","",FALSE,FALSE,FALSE,FALSE,FALSE,FALSE
1412246,NA,"DPEUCEND","CSDNSPK","DMLTUS","","M","W",506,155,"Brown","Brown","10/14/77","United States of America (the)","5620","JVHSHECAS","Dr","",FALSE,FALSE,FALSE,FALSE,FALSE,FALSE
3177726,NA,"GLSCAXTMR","HCXEEENVYJ","CDLUWSB","","M","W",509,170,"Blonde","Blue","7/22/78","United States","4089","ISVIHDL","LN","",FALSE,FALSE,FALSE,FALSE,FALSE,FALSE
2076748,NA,"SYTJEMRIK","HCTCSDFQG","KUJGQATHZ","","M","B",504,135,"Black","Brown","7/4/69","United States of America (the)","3729","OYPVUKK","Ave","",FALSE,FALSE,FALSE,FALSE,FALSE,FALSE
2546120,NA,"CJNSUJ","QMJVWX","BHMHHQID","","M","B",601,220,"Black","Brown","3/24/57","United States of America (the)","","MALTJPKV","","",FALSE,FALSE,FALSE,FALSE,FALSE,TRUE
222860,NA,"VQOPSHGXCJ","LAIEVEN","EMVEKATF","","F","I",502,120,"Black","Black","8/2/66","United States of America (the)","909","JUVXIXAW","Ave","",FALSE,FALSE,TRUE,TRUE,FALSE,TRUE
2692544,NA,"ZOKWEIUV","FUWJAHBQVU","FTETAJEM","","M","B",506,180,"Brown","Brown","4/22/50","United States of America (the)","6888","OVEWRZG","Dr","",FALSE,FALSE,FALSE,FALSE,TRUE,FALSE
30657,NA,"YDRZWWK","LCK","VNFKWPK","","M","W",509,280,"Brown","Brown","12/25/65","United States of America (the)","1400","XTFVGRAEA","St","",TRUE,FALSE,FALSE,FALSE,FALSE,FALSE
2558237,NA,"QIVYUBHPAQ","VFMFWXUY","BUNYL","","M","B",602,170,"Black","Hazel","12/31/57","United States of America (the)","","MMYBMJGV","","",TRUE,FALSE,FALSE,FALSE,FALSE,FALSE
3140789,NA,"RFAYSJVGK","DHWWBAGA","YKJMIJARX","","F","B",509,135,"Brown","Hazel","5/10/74","United States of America (the)","3613","VETJ","Ave","",FALSE,FALSE,FALSE,FALSE,FALSE,FALSE
1275970,NA,"IYFVFNIVRF","WZNGBCFN","JQUJFAXA","","F","B",507,240,"Black","Brown","6/28/65","United States of America (the)","706","UFCTRBEVS","Dr","4",FALSE,FALSE,FALSE,FALSE,FALSE,TRUE
2222506,NA,"UEQPEERF","GXJNPJZZ","ZAZOUBPH","","F","B",510,280,"Black","Brown","7/15/66","United States of America (the)","404","QAMSSGKHR","St","1",FALSE,FALSE,FALSE,FALSE,FALSE,FALSE
3069826,NA,"OXJOPJVIAU","GMHJHGZ","UKTTQRR","","F","B",507,130,"Black","Brown","10/24/73","United States of America (the)","","HPINFB","","",FALSE,FALSE,FALSE,FALSE,FALSE,FALSE
2394312,NA,"RMFMIRJAM","VSEIWPMF","WYXDKHFF","","M","B",509,160,"Black","Brown","11/30/49","United States","2141","TTZHVGZUOL","ST","",FALSE,FALSE,FALSE,FALSE,FALSE,FALSE
2511854,NA,"GUBAQAFYQ","VJOBKWPMTE","KAQAVTVR","","M","H",511,240,"Black","Brown","6/24/69","United States","","GIADXTZX","","",FALSE,FALSE,FALSE,FALSE,FALSE,FALSE
2511875,NA,"OYYDEJ","KROATVOG","TNGOKDQSS","","M","H",505,190,"Black","Brown","4/7/64","Mexico","694","SQPUTWNF","","3",FALSE,FALSE,FALSE,FALSE,FALSE,FALSE
234367,NA,"DYTIZSFRF","CTBOGEGK","CDKVXBIKZ","","M","B",510,180,"Bald","Brown","6/21/67","United States of America (the)","","UVVDYKDG","","",TRUE,FALSE,TRUE,FALSE,FALSE,FALSE
2217240,NA,"XIIOYWQT","NIAYVBNLY","SOUTKMZQ","","M","B",511,150,"Black","Brown","7/23/76","United States of America (the)","8831","DRFCBUZP","Blvd","",FALSE,FALSE,TRUE,TRUE,FALSE,FALSE
1178942,NA,"DNBYOLC","IPECYVQ","AUNKTBJSZ","","M","W",601,180,"Brown","Hazel","7/7/60","United States of America (the)","19910","ZHCNDDPO","St","",FALSE,FALSE,FALSE,FALSE,FALSE,FALSE
